{
  "translation": {
    "x": 0.0562,
    "y": 0.0771,
    "z": -0.1806
  },
  "rotation": {
    "x": 0.502181131570105,
    "y": -0.47825952564018204,
    "z": 0.5028332831256529,
    "w": 0.515985103089686
  }
}