{
  "K": [
    1835.901073,
    0.0,
    981.954777,
    0.0,
    1837.27205,
    645.079772,
    0.0,
    0.0,
    1.0
  ],
  "D": [
    -0.299872,
    0.123303,
    -0.00131,
    -0.000709,
    0.0
  ],
  "width": 1920,
  "height": 1208,
  "frame_id": ""
}