{
  "K": [
    963.325784,
    0.0,
    518.890242,
    0.0,
    962.018226,
    354.625264,
    0.0,
    0.0,
    1.0
  ],
  "D": [
    -0.30751,
    0.14212,
    -0.002489,
    -0.00042,
    0.0
  ],
  "width": 1024,
  "height": 644,
  "frame_id": ""
}